{
  "users": [
    {
      "id": 1,
      "type": "seller",
      "name": "SellerOne",
      "phone": "123456",
      "email": "seller1@example.com",
      "password": "9b8769a4a742959a2d0298c36fb70623f2dfacda8436237df08d8dfd5b37374c",
      "resetToken": null,
      "sellerNumber": 1
    },
    {
      "id": 2,
      "type": "buyer",
      "name": "BuyerOne",
      "phone": "987654",
      "email": "buyer1@example.com",
      "password": "9b8769a4a742959a2d0298c36fb70623f2dfacda8436237df08d8dfd5b37374c",
      "resetToken": null
    }
  ],
  "nextUserId": 3,
  "nextSellerNumber": 2,
  "appointments": [
    {
      "id": 1,
      "sellerId": 1,
      "datetime": "2025-09-01T10:00",
      "location": "Wald",
      "booked": true,
      "bookingId": 1
    }
  ],
  "nextAppointmentId": 2,
  "bookings": [
    {
      "id": 1,
      "appointmentId": 1,
      "buyerId": 2,
      "amount": 50,
      "status": "active"
    }
  ],
  "nextBookingId": 2,
  "products": [
    {
      "id": "b5cb1ae21496e2dbc694c344",
      "sellerId": 1,
      "name": "ProduktA",
      "createdAt": 1756088664994,
      "prices": {
        "2": [
          {
            "minAmount": 0,
            "unitPrice": 10
          },
          {
            "minAmount": 100,
            "unitPrice": 9.5
          }
        ]
      }
    }
  ],
  "keys": [
    {
      "id": "3aec2b83a7dcde5f8933",
      "code": "1DA059EF03A8B112",
      "createdAt": 1756088664956,
      "expiresAt": 1756175064956,
      "status": "used",
      "usedBy": 1,
      "usedAt": 1756088664981
    }
  ],
  "approvals": [
    {
      "id": "c64a36414120ccb7506f",
      "sellerId": 1,
      "buyerId": 2,
      "status": "approved",
      "createdAt": 1756088665034
    }
  ],
  "admin": {
    "username": "admin",
    "password": "b0d107a1cb94cd60c513a8636f99b8d700154887e2a96f0310a1b5f3e60a6ddd"
  }
}